\0Rehab, 1, 1
Maadi, null, 2
\0Tagamo3, 1, 3
\0Omar at Omar on Omar, 1, -799622840
\0Mussab at Mussab on Mussab, 1, 534544095
\0Aly at Aly on Aly, 1, -561470002
\0Omar at Omar on Omar, 1, 981583133
\0Ahmed at Ahmed on Ahmed, 1, 855437344
\0Adham at Adham on Adham, 1, 733116952
\0Omar at Omar on Omar, 1, -1930246293
\0Mohab at Mohab on Mohab, 1, 180891565
\0Adham at Adham on Adham, 1, 117250313
\0Hazem at Hazem on Hazem, 1, -874824504
\0Zaky at Zaky on Zaky, 1, 1482178066
\0Omar at Omar on Omar, 1, -1943095529
\0Momen at Momen on Momen, 1, -1737200071
\0Momen at Momen on Momen, 1, 1307956223
\0Aly at Aly on Aly, 1, -466351148
\0Zaky at Zaky on Zaky, 1, -983964461
\0Zaky at Zaky on Zaky, 1, -726000324
\0Adham at Adham on Adham, 1, -1285070269
\0Mohab at Mohab on Mohab, 1, -392788138
\0Amr at Amr on Amr, 1, -889472238
\0Amr at Amr on Amr, 1, -958210703
\0Momen at Momen on Momen, 1, 1463081483
\0Mussab at Mussab on Mussab, 1, -1447306669
\0Amr at Amr on Amr, 1, 494835509
\0Mohab at Mohab on Mohab, 1, -1615800690
\0Adham at Adham on Adham, 1, -26638267
\0Momen at Momen on Momen, 1, -1551642601
\0Aly at Aly on Aly, 1, 456778835
\0Zaky at Zaky on Zaky, 1, -1943415016
\0Zaky at Zaky on Zaky, 1, 701787857
\0Hazem at Hazem on Hazem, 1, 1705309188
\0Zaky at Zaky on Zaky, 1, -1063608904
\0Aly at Aly on Aly, 1, 189651692
\0Amr at Amr on Amr, 1, -819564797
\0Amr at Amr on Amr, 1, -1632305135
\0Mussab at Mussab on Mussab, 1, -219569824
\0Ahmed at Ahmed on Ahmed, 1, 1218961849
\0Amr at Amr on Amr, 1, -1766112219
\0Mohab at Mohab on Mohab, 1, 1029741382
\0Amr at Amr on Amr, 1, -1113992576
\0Hazem at Hazem on Hazem, 1, 1051923843
\0Zaky at Zaky on Zaky, 1, 1519865330
\0Zaky at Zaky on Zaky, 1, 1617717313
\0Adham at Adham on Adham, 1, 1028131838
\0Ahmed at Ahmed on Ahmed, 1, 156123426
\0Zaky at Zaky on Zaky, 1, -362534115
\0Omar at Omar on Omar, 1, -2024184908
\0Amr at Amr on Amr, 1, 1859576564
\0Ahmed at Ahmed on Ahmed, 1, -575170879
\0Adham at Adham on Adham, 1, 125182920
\0Mussab at Mussab on Mussab, 1, 382112484
\0Momen at Momen on Momen, 1, -1135593167
\0Mussab at Mussab on Mussab, 1, -1832204705
\0Momen at Momen on Momen, 1, 589587469
\0Mussab at Mussab on Mussab, 1, -857079252
\0Amr at Amr on Amr, 1, -327770185
\0Hazem at Hazem on Hazem, 1, -2122619823
\0Amr at Amr on Amr, 1, -1459747207
\0Amr at Amr on Amr, 1, 867898232
\0Zaky at Zaky on Zaky, 1, 221284670
\0Hazem at Hazem on Hazem, 1, -893018178
\0Ahmed at Ahmed on Ahmed, 1, -2052723060
\0Mohab at Mohab on Mohab, 1, 2007506122
\0Amr at Amr on Amr, 1, 204950704
\0Zaky at Zaky on Zaky, 1, -1114683102
\0Ahmed at Ahmed on Ahmed, 1, 710898490
\0Adham at Adham on Adham, 1, 1257330361
\0Mussab at Mussab on Mussab, 1, -189532245
\0Momen at Momen on Momen, 1, 741550283
\0Omar at Omar on Omar, 1, -2070554260
\0Momen at Momen on Momen, 1, -1492968723
\0Hazem at Hazem on Hazem, 1, 867430658
\0Momen at Momen on Momen, 1, -21977761
\0Amr at Amr on Amr, 1, 1072209536
\0Omar at Omar on Omar, 1, 1315533476
\0Mussab at Mussab on Mussab, 1, -660640964
\0Mussab at Mussab on Mussab, 1, 867809876
\0Mussab at Mussab on Mussab, 1, 814125765
\0Amr at Amr on Amr, 1, -348719824
\0Aly at Aly on Aly, 1, -2112116972
\0Hazem at Hazem on Hazem, 1, -803651977
\0Amr at Amr on Amr, 1, -220085248
\0Ahmed at Ahmed on Ahmed, 1, -2030504329
\0Adham at Adham on Adham, 1, -1962736137
\0Mohab at Mohab on Mohab, 1, -248808858
\0Mussab at Mussab on Mussab, 1, -1526319125
\0Aly at Aly on Aly, 1, -493681294
\0Momen at Momen on Momen, 1, 375188617
\0Mohab at Mohab on Mohab, 1, 1415778070
\0Omar at Omar on Omar, 1, 488470192
\0Aly at Aly on Aly, 1, -442778962
\0Aly at Aly on Aly, 1, -864062176
\0Ahmed at Ahmed on Ahmed, 1, 722742349
\0Omar at Omar on Omar, 1, 669574514
\0Mohab at Mohab on Mohab, 1, -166406450
\0Adham at Adham on Adham, 1, 1992618567
\0Omar at Omar on Omar, 1, -16771288
\0Hazem at Hazem on Hazem, 1, 691859652
\0Hazem at Hazem on Hazem, 1, -1969704697
\0Aly at Aly on Aly, 1, 712982845
\0Omar at Omar on Omar, 1, -1051000681
\0Ahmed at Ahmed on Ahmed, 1, -272169169
\0Momen at Momen on Momen, 1, -1302923870
\0Ahmed at Ahmed on Ahmed, 1, 1595075700
\0Zaky at Zaky on Zaky, 1, -616158244
\0Ahmed at Ahmed on Ahmed, 1, -1398250575
\0Momen at Momen on Momen, 1, -1619348355
\0Ahmed at Ahmed on Ahmed, 1, 509877778
\0Hazem at Hazem on Hazem, 1, 1006134544
\0Amr at Amr on Amr, 1, -961566663
\0Amr at Amr on Amr, 1, 2043920267
\0Adham at Adham on Adham, 1, 2046780019
\0Mussab at Mussab on Mussab, 1, -301021282
\0Omar at Omar on Omar, 1, -1338292180
\0Amr at Amr on Amr, 1, -522364593
\0Aly at Aly on Aly, 1, -1834468699
\0Mussab at Mussab on Mussab, 1, -1296051002
\0Mussab at Mussab on Mussab, 1, -32587037
\0Mussab at Mussab on Mussab, 1, -1921240219
\0Mussab at Mussab on Mussab, 1, -885555478
\0Ahmed at Ahmed on Ahmed, 1, 2129320475
\0Adham at Adham on Adham, 1, -1130058197
\0Mussab at Mussab on Mussab, 1, 1963834618
\0Aly at Aly on Aly, 1, 854823226
\0Hazem at Hazem on Hazem, 1, 2067638278
\0Aly at Aly on Aly, 1, 1757909187
\0Amr at Amr on Amr, 1, -1465728689
\0Omar at Omar on Omar, 1, -825466946
\0Mohab at Mohab on Mohab, 1, 1441437761
\0Omar at Omar on Omar, 1, -8680223
\0Omar at Omar on Omar, 1, -327199175
\0Zaky at Zaky on Zaky, 1, 740636502
\0Momen at Momen on Momen, 1, 1235805276
\0Omar at Omar on Omar, 1, 1350752942
\0Aly at Aly on Aly, 1, -1388701020
\0Amr at Amr on Amr, 1, -1827248620
\0Ahmed at Ahmed on Ahmed, 1, 989416507
\0Mohab at Mohab on Mohab, 1, 503780037
\0Zaky at Zaky on Zaky, 1, -1995127541
\0Amr at Amr on Amr, 1, 1095806399
\0Aly at Aly on Aly, 1, -1310126955
\0Amr at Amr on Amr, 1, -1691268936
\0Ahmed at Ahmed on Ahmed, 1, 493355522
\0Aly at Aly on Aly, 1, 1376552529
\0Mohab at Mohab on Mohab, 1, 1137517943
\0Momen at Momen on Momen, 1, -1967458933
\0Adham at Adham on Adham, 1, 691839661
\0Momen at Momen on Momen, 1, 1521430649
\0Mussab at Mussab on Mussab, 1, 900722880
\0Hazem at Hazem on Hazem, 1, -1782468041
\0Hazem at Hazem on Hazem, 1, 1600920390
\0Ahmed at Ahmed on Ahmed, 1, 1326422042
\0Zaky at Zaky on Zaky, 1, -1117058910
\0Ahmed at Ahmed on Ahmed, 1, 1919402536
\0Mohab at Mohab on Mohab, 1, 1944211866
\0Ahmed at Ahmed on Ahmed, 1, -209385782
\0Ahmed at Ahmed on Ahmed, 1, 1286045223
\0Momen at Momen on Momen, 1, 420179392
\0Adham at Adham on Adham, 1, 148552588
\0Omar at Omar on Omar, 1, -30824876
\0Mohab at Mohab on Mohab, 1, -1103208534
\0Adham at Adham on Adham, 1, -1776341806
\0Ahmed at Ahmed on Ahmed, 1, 573754769
\0Ahmed at Ahmed on Ahmed, 1, 200987446
\0Momen at Momen on Momen, 1, 330534746
\0Hazem at Hazem on Hazem, 1, -34823897
\0Ahmed at Ahmed on Ahmed, 1, -1372866253
\0Aly at Aly on Aly, 1, -1178517724
\0Amr at Amr on Amr, 1, -1379604038
\0Mussab at Mussab on Mussab, 1, -1496555268
\0Hazem at Hazem on Hazem, 1, -2076869745
\0Mussab at Mussab on Mussab, 1, -2081758333
\0Amr at Amr on Amr, 1, -1874346972
\0Hazem at Hazem on Hazem, 1, 362582402
\0Mohab at Mohab on Mohab, 1, -207799338
\0Momen at Momen on Momen, 1, -1950301201
\0Aly at Aly on Aly, 1, 1322158913
\0Omar at Omar on Omar, 1, -142585507
\0Momen at Momen on Momen, 1, -1657210417
\0Mohab at Mohab on Mohab, 1, 60981429
\0Hazem at Hazem on Hazem, 1, -1261360750
\0Mohab at Mohab on Mohab, 1, 456258342
\0Aly at Aly on Aly, 1, -596997036
\0Zaky at Zaky on Zaky, 1, -818824870
\0Hazem at Hazem on Hazem, 1, 424746475
\0Adham at Adham on Adham, 1, -1687025687
\0Aly at Aly on Aly, 1, 1964240848
\0Aly at Aly on Aly, 1, -677953774
\0Omar at Omar on Omar, 1, -1825285646
\0Mussab at Mussab on Mussab, 1, 1398618536
\0Omar at Omar on Omar, 1, -1789467448
\0Mussab at Mussab on Mussab, 1, -1353967799
\0Zaky at Zaky on Zaky, 1, -254787419
\0Hazem at Hazem on Hazem, 1, 1152579030
\0Ahmed at Ahmed on Ahmed, 1, 2067390031
\0Aly at Aly on Aly, 1, 1678790174
\0Hazem at Hazem on Hazem, 1, 1784610001
